date,time,away_team,home_team,bart_predicted_winner,bart_ttq,bart_win_prob_home,bart_win_prob_away,bart_spread_home,bart_total,bart_predicted_score_away,bart_predicted_score_home,kalshi_event_ticker_moneyline,kalshi_win_prob_away,kalshi_win_prob_home,kalshi_moneyline_away,kalshi_moneyline_home,kalshi_event_ticker_spread,kalshi_median_home_margin,kalshi_implied_spread_home,diff_spread_bart_minus_kalshi,kalshi_event_ticker_total,kalshi_median_total,diff_total_bart_minus_kalshi,kalshi_implied_score_away,kalshi_implied_score_home
20260131,10:00 AM,Texas A&M,Georgia,Georgia,95.0,0.59,0.41000000000000003,-2.7,177,87,90,KXNCAAMBGAME-26JAN31TXAMUGA,0.99,0.01,-9900,9900,KXNCAAMBSPREAD-26JAN31TXAMUGA,-9.5,9.5,-12.2,KXNCAAMBTOTAL-26JAN31TXAMUGA,169.0,8.0,89.25,79.75
20260131,02:00 PM,Indiana,UCLA,UCLA,87.0,0.51,0.49,-0.2,145,72,73,KXNCAAMBGAME-26JAN31INDUCLA,0.99,0.01,-9900,9900,KXNCAAMBSPREAD-26JAN31INDUCLA,-4.440892098500626e-16,4.440892098500626e-16,-0.20000000000000046,KXNCAAMBTOTAL-26JAN31INDUCLA,127.5,17.5,63.75,63.75
20260131,09:00 AM,Texas Tech,UCF,Texas Tech,84.0,0.33999999999999997,0.66,4.7,158,81,77,KXNCAAMBGAME-26JAN31TTUUCF,0.01,0.99,9900,-9900,KXNCAAMBSPREAD-26JAN31TTUUCF,9.078947368421051,-9.078947368421051,13.77894736842105,KXNCAAMBTOTAL-26JAN31TTUUCF,167.0,-9.0,78.96052631578948,88.03947368421052
20260131,01:30 PM,BYU,Kansas,Kansas,79.0,0.73,0.27,-6.7,153,73,80,KXNCAAMBGAME-26JAN31BYUKU,0.01,0.99,9900,-9900,KXNCAAMBSPREAD-26JAN31BYUKU,9.0,-9.0,2.3,KXNCAAMBTOTAL-26JAN31BYUKU,172.5,-19.5,81.75,90.75
20260131,11:00 AM,Texas,Oklahoma,Texas,78.0,0.45999999999999996,0.54,1.2,160,81,79,KXNCAAMBGAME-26JAN31TEXOKLA,0.99,0.01,-9900,9900,KXNCAAMBSPREAD-26JAN31TEXOKLA,-12.0,12.0,-10.8,KXNCAAMBTOTAL-26JAN31TEXOKLA,148.0,12.0,80.0,68.0
20260131,05:00 PM,Washington,Northwestern,Northwestern,77.0,0.59,0.41000000000000003,-2.2,145,71,74,KXNCAAMBGAME-26JAN31WASHNW,0.99,0.01,-9900,9900,KXNCAAMBSPREAD-26JAN31WASHNW,-13.0,13.0,-15.2,KXNCAAMBTOTAL-26JAN31WASHNW,139.0,6.0,76.0,63.0
20260131,11:00 AM,Ohio St.,Wisconsin,Wisconsin,76.0,0.66,0.33999999999999997,-4.6,158,77,81,KXNCAAMBGAME-26JAN31OSUWIS,0.01,0.99,9900,-9900,KXNCAAMBSPREAD-26JAN31OSUWIS,11.0,-11.0,6.4,KXNCAAMBTOTAL-26JAN31OSUWIS,171.5,-13.5,80.25,91.25
20260131,11:00 AM,SMU,Louisville,Louisville,76.0,0.78,0.21999999999999997,-9.2,165,78,87,KXNCAAMBGAME-26JAN31SMULOU,0.01,0.99,9900,-9900,KXNCAAMBSPREAD-26JAN31SMULOU,14.0,-14.0,4.800000000000001,KXNCAAMBTOTAL-26JAN31SMULOU,163.0,2.0,74.5,88.5
20260131,09:00 AM,N.C. State,Wake Forest,N.C. State,75.0,0.38,0.62,3.2,155,79,76,KXNCAAMBGAME-26JAN31NCSTWAKE,,0.01,,9900,KXNCAAMBSPREAD-26JAN31NCSTWAKE,5.5,-5.5,8.7,KXNCAAMBTOTAL-26JAN31NCSTWAKE,148.5,6.5,71.5,77.0
20260131,10:00 AM,San Diego St.,Utah St.,Utah St.,75.0,0.71,0.29000000000000004,-5.6,147,71,76,KXNCAAMBGAME-26JAN31SDSUUSU,0.01,0.99,9900,-9900,KXNCAAMBSPREAD-26JAN31SDSUUSU,4.0,-4.0,-1.5999999999999996,KXNCAAMBTOTAL-26JAN31SDSUUSU,138.0,9.0,67.0,71.0
20260131,03:00 PM,Oklahoma St.,Utah,Utah,74.0,0.57,0.43000000000000005,-2.0,172,85,87,KXNCAAMBGAME-26JAN31OKSTUTAH,0.99,0.01,-9900,9900,KXNCAAMBSPREAD-26JAN31OKSTUTAH,-13.0,13.0,-15.0,KXNCAAMBTOTAL-26JAN31OKSTUTAH,183.5,-11.5,98.25,85.25
20260131,03:30 PM,Kentucky,Arkansas,Arkansas,74.0,0.79,0.20999999999999996,-9.3,166,78,88,KXNCAAMBGAME-26JAN31UKARK,0.99,0.01,-9900,9900,KXNCAAMBSPREAD-26JAN31UKARK,-7.0,7.0,-16.3,KXNCAAMBTOTAL-26JAN31UKARK,161.0,5.0,84.0,77.0
20260131,05:30 PM,Auburn,Tennessee,Tennessee,74.0,0.75,0.25,-7.1,149,71,78,KXNCAAMBGAME-26JAN31AUBTENN,0.01,0.99,9900,-9900,KXNCAAMBSPREAD-26JAN31AUBTENN,-8.576923076923077,8.576923076923077,-15.676923076923076,KXNCAAMBTOTAL-26JAN31AUBTENN,147.0,2.0,77.78846153846153,69.21153846153847
20260131,10:00 AM,LSU,South Carolina,South Carolina,73.0,0.52,0.48,-0.5,145,72,73,KXNCAAMBGAME-26JAN31LSUSCAR,0.99,0.01,-9900,9900,KXNCAAMBSPREAD-26JAN31LSUSCAR,-4.0,4.0,-4.5,KXNCAAMBTOTAL-26JAN31LSUSCAR,149.5,-4.5,76.75,72.75
20260131,11:00 AM,Arizona,Arizona St.,Arizona,70.0,0.10999999999999999,0.89,14.7,163,89,74,KXNCAAMBGAME-26JAN31ARIZASU,0.99,0.01,-9900,9900,KXNCAAMBSPREAD-26JAN31ARIZASU,-13.0,13.0,1.6999999999999993,KXNCAAMBTOTAL-26JAN31ARIZASU,160.0,3.0,86.5,73.5
20260131,03:00 PM,Stanford,Florida St.,Florida St.,70.0,0.55,0.44999999999999996,-1.4,155,77,78,KXNCAAMBGAME-26JAN31STANFSU,0.01,0.99,9900,-9900,KXNCAAMBSPREAD-26JAN31STANFSU,7.0,-7.0,5.6,KXNCAAMBTOTAL-26JAN31STANFSU,165.5,-10.5,79.25,86.25
20260131,09:00 AM,Duke,Virginia Tech,Duke,70.0,0.20999999999999996,0.79,8.3,146,77,69,KXNCAAMBGAME-26JAN31DUKEVT,0.99,0.01,-9900,9900,KXNCAAMBSPREAD-26JAN31DUKEVT,-15.0,15.0,-6.699999999999999,KXNCAAMBTOTAL-26JAN31DUKEVT,163.5,-17.5,89.25,74.25
20260131,07:30 PM,Saint Mary's,Gonzaga,Gonzaga,69.0,0.84,0.16000000000000003,-10.5,147,68,79,KXNCAAMBGAME-26JAN31SMCGONZ,0.01,0.99,9900,-9900,KXNCAAMBSPREAD-26JAN31SMCGONZ,21.5,-21.5,11.0,KXNCAAMBTOTAL-26JAN31SMCGONZ,139.0,8.0,58.75,80.25
20260131,01:00 PM,California,Miami FL,Miami FL,66.0,0.75,0.25,-6.9,145,69,76,KXNCAAMBGAME-26JAN31CALMIA,0.99,,-9900,,KXNCAAMBSPREAD-26JAN31CALMIA,-5.5,5.5,-12.4,KXNCAAMBTOTAL-26JAN31CALMIA,163.5,-18.5,84.5,79.0
20260131,01:00 PM,Baylor,West Virginia,West Virginia,65.0,0.69,0.31000000000000005,-4.9,140,68,72,KXNCAAMBGAME-26JAN31BAYWVU,0.99,0.01,-9900,9900,KXNCAAMBSPREAD-26JAN31BAYWVU,-9.0,9.0,-13.9,KXNCAAMBTOTAL-26JAN31BAYWVU,124.5,15.5,66.75,57.75
20260131,05:00 PM,Connecticut,Creighton,Connecticut,65.0,0.20999999999999996,0.79,7.7,138,73,65,,,,,,,,,,,,,,
20260131,05:00 PM,South Florida,Temple,South Florida,65.0,0.36,0.64,4.0,158,81,77,KXNCAAMBGAME-26JAN31USFTEM,0.01,0.99,9900,-9900,KXNCAAMBSPREAD-26JAN31USFTEM,-0.5,0.5,3.5,KXNCAAMBTOTAL-26JAN31USFTEM,157.0,1.0,78.75,78.25
20260131,05:00 PM,UC San Diego,Cal St. Northridge,UC San Diego,64.0,0.49,0.51,0.2,159,80,79,KXNCAAMBGAME-26JAN31UCSDCSN,0.01,0.99,9900,-9900,KXNCAAMBSPREAD-26JAN31UCSDCSN,10.5,-10.5,10.7,KXNCAAMBTOTAL-26JAN31UCSDCSN,144.0,15.0,66.75,77.25
20260131,10:00 AM,DePaul,Xavier,Xavier,62.0,0.69,0.31000000000000005,-5.3,148,71,77,KXNCAAMBGAME-26JAN31DEPXAV,0.01,0.99,9900,-9900,KXNCAAMBSPREAD-26JAN31DEPXAV,3.0,-3.0,-2.3,KXNCAAMBTOTAL-26JAN31DEPXAV,165.5,-17.5,81.25,84.25
20260131,09:00 AM,Cincinnati,Houston,Houston,62.0,0.92,0.07999999999999996,-13.8,128,57,71,KXNCAAMBGAME-26JAN31CINHOU,0.01,0.99,9900,-9900,KXNCAAMBSPREAD-26JAN31CINHOU,22.0,-22.0,8.2,KXNCAAMBTOTAL-26JAN31CINHOU,130.0,-2.0,54.0,76.0
20260131,12:30 PM,Mississippi St.,Missouri,Missouri,62.0,0.69,0.31000000000000005,-4.9,145,70,75,KXNCAAMBGAME-26JAN31MSSTMIZZ,0.01,0.99,9900,-9900,KXNCAAMBSPREAD-26JAN31MSSTMIZZ,6.0,-6.0,1.0999999999999996,KXNCAAMBTOTAL-26JAN31MSSTMIZZ,162.0,-17.0,78.0,84.0
20260131,12:00 PM,Cal Baptist,UT Arlington,UT Arlington,61.0,0.55,0.44999999999999996,-1.1,125,62,63,KXNCAAMBGAME-26JAN31CBUUTA,0.99,0.01,-9900,9900,KXNCAAMBSPREAD-26JAN31CBUUTA,-9.0,9.0,-10.1,KXNCAAMBTOTAL-26JAN31CBUUTA,124.5,0.5,66.75,57.75
20260131,09:00 AM,Georgetown,Butler,Butler,61.0,0.76,0.24,-7.5,153,73,80,KXNCAAMBGAME-26JAN31GTWNBUT,0.99,0.01,-9900,9900,KXNCAAMBSPREAD-26JAN31GTWNBUT,-1.5,1.5,-9.0,KXNCAAMBTOTAL-26JAN31GTWNBUT,141.0,12.0,71.25,69.75
20260131,04:00 PM,Illinois Chicago,Southern Illinois,Southern Illinois,61.0,0.56,0.43999999999999995,-1.6,138,68,70,,,,,,,,,,,,,,
20260131,01:30 PM,Davidson,Richmond,Richmond,61.0,0.58,0.42000000000000004,-1.9,138,68,70,KXNCAAMBGAME-26JAN31DAVRICH,0.99,0.01,-9900,9900,KXNCAAMBSPREAD-26JAN31DAVRICH,-7.5,7.5,-9.4,KXNCAAMBTOTAL-26JAN31DAVRICH,133.0,5.0,70.25,62.75
20260131,11:00 AM,North Carolina,Georgia Tech,North Carolina,60.0,0.22999999999999998,0.77,8.3,155,82,73,KXNCAAMBGAME-26JAN31UNCGT,0.99,0.01,-9900,9900,KXNCAAMBSPREAD-26JAN31UNCGT,-17.0,17.0,-8.7,KXNCAAMBTOTAL-26JAN31UNCGT,166.0,-11.0,91.5,74.5
20260131,03:30 PM,George Mason,St. Bonaventure,George Mason,60.0,0.42000000000000004,0.58,2.0,144,73,71,KXNCAAMBGAME-26JAN31GMUSBON,0.99,0.01,-9900,9900,KXNCAAMBSPREAD-26JAN31GMUSBON,-4.170454545454546,4.170454545454546,-2.170454545454546,KXNCAAMBTOTAL-26JAN31GMUSBON,149.0,-5.0,76.58522727272727,72.41477272727273
20260131,05:00 PM,Murray St.,Belmont,Belmont,60.0,0.72,0.28,-7.2,173,83,90,KXNCAAMBGAME-26JAN31MURRBEL,0.01,0.99,9900,-9900,KXNCAAMBSPREAD-26JAN31MURRBEL,18.0,-18.0,10.8,KXNCAAMBTOTAL-26JAN31MURRBEL,181.5,-8.5,81.75,99.75
20260131,10:00 AM,Valparaiso,Indiana St.,Indiana St.,58.0,0.51,0.49,-0.3,141,70,71,KXNCAAMBGAME-26JAN31VALPINST,0.99,0.01,-9900,9900,KXNCAAMBSPREAD-26JAN31VALPINST,-3.0,3.0,-3.3,KXNCAAMBTOTAL-26JAN31VALPINST,147.0,-6.0,75.0,72.0
20260131,03:00 PM,Bradley,Drake,Drake,58.0,0.58,0.42000000000000004,-2.0,148,73,75,KXNCAAMBGAME-26JAN31BRADDRKE,0.99,0.01,-9900,9900,KXNCAAMBSPREAD-26JAN31BRADDRKE,-13.0,13.0,-15.0,KXNCAAMBTOTAL-26JAN31BRADDRKE,166.5,-18.5,89.75,76.75
20260131,03:00 PM,Mississippi,Vanderbilt,Vanderbilt,58.0,0.94,0.06000000000000005,-18.0,147,65,82,,,,,,,,,,,,,,
20260131,03:00 PM,Notre Dame,Syracuse,Syracuse,58.0,0.71,0.29000000000000004,-5.4,141,68,73,KXNCAAMBGAME-26JAN31NDSYR,0.01,0.99,9900,-9900,KXNCAAMBSPREAD-26JAN31NDSYR,15.0,-15.0,9.6,KXNCAAMBTOTAL-26JAN31NDSYR,158.0,-17.0,71.5,86.5
20260131,05:00 PM,UAB,North Texas,North Texas,58.0,0.57,0.43000000000000005,-1.7,132,65,67,KXNCAAMBGAME-26JAN31UABUNT,0.99,0.01,-9900,9900,KXNCAAMBSPREAD-26JAN31UABUNT,-4.0,4.0,-5.7,KXNCAAMBTOTAL-26JAN31UABUNT,140.0,-8.0,72.0,68.0
20260131,03:00 PM,Penn,Cornell,Cornell,56.0,0.69,0.31000000000000005,-6.2,180,87,93,KXNCAAMBGAME-26JAN31PENNCOR,0.99,0.01,-9900,9900,KXNCAAMBSPREAD-26JAN31PENNCOR,-9.5,9.5,-15.7,KXNCAAMBTOTAL-26JAN31PENNCOR,173.0,7.0,91.25,81.75
20260131,11:00 AM,Charleston,Northeastern,Charleston,56.0,0.47,0.53,0.9,159,80,79,KXNCAAMBGAME-26JAN31COFCNE,0.99,0.01,-9900,9900,KXNCAAMBSPREAD-26JAN31COFCNE,-5.0,5.0,-4.1,KXNCAAMBTOTAL-26JAN31COFCNE,173.06382978723406,-14.063829787234056,89.03191489361703,84.03191489361703
20260131,12:00 PM,Marshall,Arkansas St.,Arkansas St.,56.0,0.68,0.31999999999999995,-5.6,168,81,87,KXNCAAMBGAME-26JAN31MRSHARST,0.99,0.01,-9900,9900,KXNCAAMBSPREAD-26JAN31MRSHARST,-10.338235294117647,10.338235294117647,-15.938235294117646,KXNCAAMBTOTAL-26JAN31MRSHARST,179.5,-11.5,94.91911764705883,84.58088235294117
20260131,11:30 AM,Saint Joseph's,La Salle,Saint Joseph's,56.0,0.48,0.52,0.4,135,68,67,KXNCAAMBGAME-26JAN31JOESLAS,0.99,0.01,-9900,9900,KXNCAAMBSPREAD-26JAN31JOESLAS,-9.0,9.0,-8.6,KXNCAAMBTOTAL-26JAN31JOESLAS,146.80434782608697,-11.804347826086968,77.90217391304348,68.90217391304348
20260131,06:30 PM,Colorado St.,Wyoming,Wyoming,55.0,0.6,0.4,-2.6,142,70,72,KXNCAAMBGAME-26JAN31CSUWYO,0.01,0.99,9900,-9900,KXNCAAMBSPREAD-26JAN31CSUWYO,10.0,-10.0,7.4,KXNCAAMBTOTAL-26JAN31CSUWYO,126.0,16.0,58.0,68.0
20260131,09:00 AM,Marquette,Seton Hall,Seton Hall,54.0,0.8,0.19999999999999996,-8.3,136,64,72,KXNCAAMBGAME-26JAN31MARQHALL,0.01,0.99,9900,-9900,KXNCAAMBSPREAD-26JAN31MARQHALL,6.0,-6.0,-2.3000000000000007,KXNCAAMBTOTAL-26JAN31MARQHALL,132.0,4.0,63.0,69.0
20260131,07:00 PM,Pacific,San Francisco,San Francisco,54.0,0.68,0.31999999999999995,-4.5,135,65,70,KXNCAAMBGAME-26JAN31PACSF,0.01,0.99,9900,-9900,KXNCAAMBSPREAD-26JAN31PACSF,6.0,-6.0,1.5,KXNCAAMBTOTAL-26JAN31PACSF,153.5,-18.5,73.75,79.75
20260131,10:30 AM,Virginia,Boston College,Virginia,54.0,0.10999999999999999,0.89,12.0,132,72,60,KXNCAAMBGAME-26JAN31UVABC,0.99,0.01,-9900,9900,KXNCAAMBSPREAD-26JAN31UVABC,-6.0,6.0,6.0,KXNCAAMBTOTAL-26JAN31UVABC,139.0,-7.0,72.5,66.5
20260131,02:00 PM,Montana St.,Portland St.,Portland St.,53.0,0.6,0.4,-2.4,135,66,69,KXNCAAMBGAME-26JAN31MTSTPRST,0.01,0.99,9900,-9900,KXNCAAMBSPREAD-26JAN31MTSTPRST,8.0,-8.0,5.6,KXNCAAMBTOTAL-26JAN31MTSTPRST,156.5,-21.5,74.25,82.25
20260131,06:00 PM,Santa Clara,Loyola Marymount,Santa Clara,53.0,0.18000000000000005,0.82,9.5,147,78,69,KXNCAAMBGAME-26JAN31SCULMU,0.99,0.01,-9900,9900,KXNCAAMBSPREAD-26JAN31SCULMU,-9.5,9.5,0.0,KXNCAAMBTOTAL-26JAN31SCULMU,167.5,-20.5,88.5,79.0
20260131,07:00 PM,Montana,Sacramento St.,Montana,52.0,0.30000000000000004,0.7,5.8,158,82,76,KXNCAAMBGAME-26JAN31MONTSAC,0.01,0.99,9900,-9900,KXNCAAMBSPREAD-26JAN31MONTSAC,7.0,-7.0,12.8,KXNCAAMBTOTAL-26JAN31MONTSAC,164.0,-6.0,78.5,85.5
20260131,03:00 PM,Dartmouth,Brown,Brown,51.0,0.51,0.49,-0.2,139,69,70,KXNCAAMBGAME-26JAN31DARTBRWN,0.99,0.01,-9900,9900,KXNCAAMBSPREAD-26JAN31DARTBRWN,-7.0,7.0,-7.2,KXNCAAMBTOTAL-26JAN31DARTBRWN,147.0,-8.0,77.0,70.0
20260131,11:00 AM,Hofstra,Monmouth,Hofstra,50.0,0.43000000000000005,0.57,1.6,138,70,68,KXNCAAMBGAME-26JAN31HOFMONM,0.99,0.01,-9900,9900,KXNCAAMBSPREAD-26JAN31HOFMONM,-15.0,15.0,-13.4,KXNCAAMBTOTAL-26JAN31HOFMONM,130.0,8.0,72.5,57.5
20260131,02:00 PM,New Mexico St.,Kennesaw St.,Kennesaw St.,50.0,0.6,0.4,-2.9,161,79,82,KXNCAAMBGAME-26JAN31NMSUKENN,0.01,0.99,9900,-9900,KXNCAAMBSPREAD-26JAN31NMSUKENN,-8.5,8.5,-11.4,KXNCAAMBTOTAL-26JAN31NMSUKENN,146.5,14.5,77.5,69.0
20260131,02:00 PM,Utah Tech,Tarleton St.,Tarleton St.,50.0,0.66,0.33999999999999997,-4.6,153,74,79,KXNCAAMBGAME-26JAN31UTUTARL,0.99,0.01,-9900,9900,KXNCAAMBSPREAD-26JAN31UTUTARL,-7.0,7.0,-11.6,KXNCAAMBTOTAL-26JAN31UTUTARL,161.5,-8.5,84.25,77.25
20260131,03:00 PM,Nicholls St.,East Texas A&M,East Texas A&M,50.0,0.55,0.44999999999999996,-1.4,147,73,74,KXNCAAMBGAME-26JAN31NICHETAM,0.99,0.01,-9900,9900,KXNCAAMBSPREAD-26JAN31NICHETAM,-4.0,4.0,-5.4,KXNCAAMBTOTAL-26JAN31NICHETAM,139.0,8.0,71.5,67.5
20260131,12:30 PM,Lindenwood,Morehead St.,Lindenwood,49.0,0.47,0.53,0.7,153,77,76,KXNCAAMBGAME-26JAN31LINWMORE,0.99,0.01,-9900,9900,KXNCAAMBSPREAD-26JAN31LINWMORE,-0.5,0.5,0.19999999999999996,KXNCAAMBTOTAL-26JAN31LINWMORE,159.0090909090909,-6.009090909090901,79.75454545454545,79.25454545454545
20260131,09:00 AM,Pittsburgh,Clemson,Clemson,49.0,0.91,0.08999999999999997,-13.4,132,59,73,KXNCAAMBGAME-26JAN31PITTCLEM,0.01,0.99,9900,-9900,KXNCAAMBSPREAD-26JAN31PITTCLEM,11.0,-11.0,-2.4000000000000004,KXNCAAMBTOTAL-26JAN31PITTCLEM,140.5,-8.5,64.75,75.75
20260131,04:00 PM,McNeese St.,Lamar,McNeese St.,49.0,0.29000000000000004,0.71,5.5,142,74,68,KXNCAAMBGAME-26JAN31MCNSLAM,,0.01,,9900,KXNCAAMBSPREAD-26JAN31MCNSLAM,5.5,-5.5,11.0,KXNCAAMBTOTAL-26JAN31MCNSLAM,159.5,-17.5,77.0,82.5
20260131,01:00 PM,Hawaii,Long Beach St.,Hawaii,48.0,0.25,0.75,6.6,140,73,67,KXNCAAMBGAME-26JAN31HAWLBSU,0.99,0.01,-9900,9900,KXNCAAMBSPREAD-26JAN31HAWLBSU,-6.0,6.0,0.5999999999999996,KXNCAAMBTOTAL-26JAN31HAWLBSU,160.5,-20.5,83.25,77.25
20260131,02:00 PM,UT Rio Grande Valley,Incarnate Word,UT Rio Grande Valley,48.0,0.42000000000000004,0.58,1.8,137,69,68,KXNCAAMBGAME-26JAN31UTRGVIW,0.99,0.01,-9900,9900,KXNCAAMBSPREAD-26JAN31UTRGVIW,-13.0,13.0,-11.2,KXNCAAMBTOTAL-26JAN31UTRGVIW,156.5,-19.5,84.75,71.75
20260131,05:00 PM,Cal Poly,UC Riverside,UC Riverside,48.0,0.59,0.41000000000000003,-2.7,161,79,82,KXNCAAMBGAME-26JAN31CPUCRV,0.99,0.01,-9900,9900,KXNCAAMBSPREAD-26JAN31CPUCRV,-7.0,7.0,-9.7,KXNCAAMBTOTAL-26JAN31CPUCRV,175.5,-14.5,91.25,84.25
20260131,09:00 AM,Campbell,William & Mary,William & Mary,46.0,0.84,0.16000000000000003,-13.1,169,78,91,KXNCAAMBGAME-26JAN31CAMPWM,0.99,0.01,-9900,9900,KXNCAAMBSPREAD-26JAN31CAMPWM,-7.0,7.0,-20.1,KXNCAAMBTOTAL-26JAN31CAMPWM,182.5,-13.5,94.75,87.75
20260131,03:00 PM,Oregon St.,San Diego,San Diego,46.0,0.69,0.31000000000000005,-5.1,149,72,77,KXNCAAMBGAME-26JAN31ORSTUSD,0.99,0.01,-9900,9900,KXNCAAMBSPREAD-26JAN31ORSTUSD,-3.0,3.0,-8.1,KXNCAAMBTOTAL-26JAN31ORSTUSD,155.0,-6.0,79.0,76.0
20260131,04:00 PM,Rutgers,USC,USC,46.0,0.89,0.10999999999999999,-13.9,146,66,80,KXNCAAMBGAME-26JAN31RUTGUSC,0.01,0.99,9900,-9900,KXNCAAMBSPREAD-26JAN31RUTGUSC,3.0,-3.0,-10.9,KXNCAAMBTOTAL-26JAN31RUTGUSC,153.0,-7.0,75.0,78.0
20260131,10:00 AM,Robert Morris,Purdue Fort Wayne,Purdue Fort Wayne,46.0,0.58,0.42000000000000004,-2.1,144,71,73,KXNCAAMBGAME-26JAN31RMUPFW,0.01,0.99,9900,-9900,KXNCAAMBSPREAD-26JAN31RMUPFW,13.0,-13.0,10.9,KXNCAAMBTOTAL-26JAN31RMUPFW,154.0,-10.0,70.5,83.5
20260131,12:00 PM,Florida Gulf Coast,Jacksonville,Jacksonville,45.0,0.52,0.48,-0.4,141,70,71,KXNCAAMBGAME-26JAN31FGCUJAC,0.99,0.01,-9900,9900,KXNCAAMBSPREAD-26JAN31FGCUJAC,-7.5,7.5,-7.9,KXNCAAMBTOTAL-26JAN31FGCUJAC,154.5,-13.5,81.0,73.5
20260131,11:00 AM,Colgate,Lehigh,Colgate,45.0,0.43000000000000005,0.57,1.8,144,73,71,KXNCAAMBGAME-26JAN31COLGLEH,0.01,0.99,9900,-9900,KXNCAAMBSPREAD-26JAN31COLGLEH,-4.440892098500626e-16,4.440892098500626e-16,1.7999999999999996,KXNCAAMBTOTAL-26JAN31COLGLEH,153.0,-9.0,76.5,76.5
20260131,12:00 PM,James Madison,Southern Miss,Southern Miss,45.0,0.56,0.43999999999999995,-1.4,143,71,72,KXNCAAMBGAME-26JAN31JMUUSM,0.01,0.99,9900,-9900,KXNCAAMBSPREAD-26JAN31JMUUSM,1.8894736842105266,-1.8894736842105266,0.4894736842105267,KXNCAAMBTOTAL-26JAN31JMUUSM,137.0,6.0,67.55526315789474,69.44473684210526
20260131,12:30 PM,Bethune Cookman,Alabama St.,Bethune Cookman,44.0,0.43000000000000005,0.57,2.0,154,78,76,KXNCAAMBGAME-26JAN31COOKALST,0.99,0.01,-9900,9900,KXNCAAMBSPREAD-26JAN31COOKALST,-16.0,16.0,-14.0,KXNCAAMBTOTAL-26JAN31COOKALST,138.5,15.5,77.25,61.25
20260131,01:00 PM,Western Kentucky,Middle Tennessee,Middle Tennessee,44.0,0.77,0.22999999999999998,-7.4,139,66,73,KXNCAAMBGAME-26JAN31WKUMTU,0.99,0.01,-9900,9900,KXNCAAMBSPREAD-26JAN31WKUMTU,-4.0,4.0,-11.4,KXNCAAMBTOTAL-26JAN31WKUMTU,124.0,15.0,64.0,60.0
20260131,09:00 AM,Stony Brook,Elon,Elon,44.0,0.71,0.29000000000000004,-5.6,147,71,76,KXNCAAMBGAME-26JAN31STONELON,0.99,0.01,-9900,9900,KXNCAAMBSPREAD-26JAN31STONELON,-4.03125,4.03125,-9.63125,KXNCAAMBTOTAL-26JAN31STONELON,140.0,7.0,72.015625,67.984375
20260131,01:00 PM,Nebraska Omaha,Denver,Denver,44.0,0.61,0.39,-3.2,159,78,81,KXNCAAMBGAME-26JAN31NEOMDEN,0.99,0.01,-9900,9900,KXNCAAMBSPREAD-26JAN31NEOMDEN,-3.0,3.0,-6.2,KXNCAAMBTOTAL-26JAN31NEOMDEN,166.0,-7.0,84.5,81.5
20260131,11:00 AM,Old Dominion,Texas St.,Texas St.,44.0,0.53,0.47,-0.7,139,69,70,KXNCAAMBGAME-26JAN31ODUTXST,0.01,0.99,9900,-9900,KXNCAAMBSPREAD-26JAN31ODUTXST,1.5,-1.5,0.8,KXNCAAMBTOTAL-26JAN31ODUTXST,146.0,-7.0,72.25,73.75
20260131,03:00 PM,Eastern Michigan,Massachusetts,Massachusetts,43.0,0.75,0.25,-6.8,145,69,76,,,,,,,,,,,,,,
20260131,07:00 PM,New Mexico,San Jose St.,New Mexico,43.0,0.12,0.88,12.4,144,78,66,KXNCAAMBGAME-26JAN31UNMSJSU,0.99,0.01,-9900,9900,KXNCAAMBSPREAD-26JAN31UNMSJSU,-9.0,9.0,3.4000000000000004,KXNCAAMBTOTAL-26JAN31UNMSJSU,163.5,-19.5,86.25,77.25
20260131,11:00 AM,Radford,Presbyterian,Presbyterian,43.0,0.61,0.39,-2.8,149,73,76,KXNCAAMBGAME-26JAN31RADPRE,0.99,0.01,-9900,9900,KXNCAAMBSPREAD-26JAN31RADPRE,-8.991525423728813,8.991525423728813,-11.791525423728814,KXNCAAMBTOTAL-26JAN31RADPRE,155.5,-6.5,82.2457627118644,73.2542372881356
20260131,01:33 PM,Appalachian St.,Troy,Troy,43.0,0.8,0.19999999999999996,-8.5,134,63,71,KXNCAAMBGAME-26JAN31APPTROY,0.99,0.01,-9900,9900,KXNCAAMBSPREAD-26JAN31APPTROY,-8.5,8.5,-17.0,KXNCAAMBTOTAL-26JAN31APPTROY,150.5,-16.5,79.5,71.0
20260131,11:00 AM,Fordham,George Washington,George Washington,43.0,0.9,0.09999999999999998,-15.2,143,64,79,KXNCAAMBGAME-26JAN31FORGW,0.99,0.01,-9900,9900,KXNCAAMBSPREAD-26JAN31FORGW,-4.5,4.5,-19.7,KXNCAAMBTOTAL-26JAN31FORGW,143.0,0.0,73.75,69.25
20260131,03:00 PM,North Dakota St.,South Dakota,North Dakota St.,43.0,0.27,0.73,6.8,157,82,75,KXNCAAMBGAME-26JAN31NDSUSDAK,0.99,0.01,-9900,9900,KXNCAAMBSPREAD-26JAN31NDSUSDAK,-18.282608695652176,18.282608695652176,-11.482608695652175,KXNCAAMBTOTAL-26JAN31NDSUSDAK,171.5,-14.5,94.8913043478261,76.6086956521739
20260131,11:00 AM,Ohio,Buffalo,Buffalo,43.0,0.76,0.24,-7.8,154,73,81,KXNCAAMBGAME-26JAN31OHIOBUFF,0.99,0.01,-9900,9900,KXNCAAMBSPREAD-26JAN31OHIOBUFF,-11.0,11.0,-18.8,KXNCAAMBTOTAL-26JAN31OHIOBUFF,171.5,-17.5,91.25,80.25
20260131,12:00 PM,Idaho St.,Weber St.,Weber St.,43.0,0.7,0.30000000000000004,-5.7,150,72,78,KXNCAAMBGAME-26JAN31IDSTWEB,0.01,0.99,9900,-9900,KXNCAAMBSPREAD-26JAN31IDSTWEB,3.0,-3.0,-2.7,KXNCAAMBTOTAL-26JAN31IDSTWEB,159.0,-9.0,78.0,81.0
20260131,03:00 PM,Portland,Washington St.,Washington St.,43.0,0.77,0.22999999999999998,-7.8,150,71,79,KXNCAAMBGAME-26JAN31PORTWSU,0.01,0.99,9900,-9900,KXNCAAMBSPREAD-26JAN31PORTWSU,8.5,-8.5,0.7000000000000002,KXNCAAMBTOTAL-26JAN31PORTWSU,166.5,-16.5,79.0,87.5
20260131,01:30 PM,Southeast Missouri St.,Eastern Illinois,Eastern Illinois,43.0,0.54,0.45999999999999996,-0.9,135,67,68,KXNCAAMBGAME-26JAN31SEMOEIU,0.99,0.01,-9900,9900,KXNCAAMBSPREAD-26JAN31SEMOEIU,-18.0,18.0,-18.9,KXNCAAMBTOTAL-26JAN31SEMOEIU,137.0,-2.0,77.5,59.5
20260131,06:00 PM,Cal St. Fullerton,UC Santa Barbara,UC Santa Barbara,43.0,0.79,0.20999999999999996,-9.3,156,73,83,KXNCAAMBGAME-26JAN31CSFUCSB,0.01,0.99,9900,-9900,KXNCAAMBSPREAD-26JAN31CSFUCSB,12.96875,-12.96875,3.6687499999999993,KXNCAAMBTOTAL-26JAN31CSFUCSB,152.0,4.0,69.515625,82.484375
20260131,01:00 PM,Georgia Southern,Louisiana,Georgia Southern,42.0,0.5,0.5,0.1,143,72,71,KXNCAAMBGAME-26JAN31GASOULL,0.01,0.99,9900,-9900,KXNCAAMBSPREAD-26JAN31GASOULL,9.0,-9.0,9.1,KXNCAAMBTOTAL-26JAN31GASOULL,161.5,-18.5,76.25,85.25
20260131,12:00 PM,High Point,Longwood,High Point,42.0,0.24,0.76,8.2,160,84,76,KXNCAAMBGAME-26JAN31HPLONG,0.99,0.01,-9900,9900,KXNCAAMBSPREAD-26JAN31HPLONG,-12.0,12.0,-3.8000000000000007,KXNCAAMBTOTAL-26JAN31HPLONG,171.5,-11.5,91.75,79.75
20260131,04:00 PM,Bowling Green,Central Michigan,Bowling Green,42.0,0.28,0.72,6.2,148,77,71,KXNCAAMBGAME-26JAN31BGSUCMU,0.01,0.99,9900,-9900,KXNCAAMBSPREAD-26JAN31BGSUCMU,3.0,-3.0,9.2,KXNCAAMBTOTAL-26JAN31BGSUCMU,164.5,-16.5,80.75,83.75
20260131,04:00 PM,UMBC,Albany,Albany,42.0,0.53,0.47,-0.7,141,70,71,KXNCAAMBGAME-26JAN31UMBCALBY,0.99,,-9900,,KXNCAAMBSPREAD-26JAN31UMBCALBY,-3.0,3.0,-3.7,KXNCAAMBTOTAL-26JAN31UMBCALBY,133.0,8.0,68.0,65.0
20260131,11:00 AM,LIU,Central Connecticut,LIU,42.0,0.42000000000000004,0.58,2.0,146,74,72,KXNCAAMBGAME-26JAN31LIUCCSU,0.98,0.03,-4900,3233,KXNCAAMBSPREAD-26JAN31LIUCCSU,-7.5,7.5,-5.5,KXNCAAMBTOTAL-26JAN31LIUCCSU,138.0,8.0,72.75,65.25
20260131,12:00 PM,Jacksonville St.,Missouri St.,Missouri St.,41.0,0.7,0.30000000000000004,-4.8,132,64,68,KXNCAAMBGAME-26JAN31JVSTMOSU,0.01,0.99,9900,-9900,KXNCAAMBSPREAD-26JAN31JVSTMOSU,6.0,-6.0,1.2000000000000002,KXNCAAMBTOTAL-26JAN31JVSTMOSU,142.0,-10.0,68.0,74.0
20260131,02:00 PM,UC Davis,Cal St. Bakersfield,UC Davis,41.0,0.30000000000000004,0.7,5.8,156,81,75,KXNCAAMBGAME-26JAN31UCDCSB,0.99,0.01,-9900,9900,KXNCAAMBSPREAD-26JAN31UCDCSB,-7.0,7.0,-1.2000000000000002,KXNCAAMBTOTAL-26JAN31UCDCSB,153.0,3.0,80.0,73.0
20260131,01:00 PM,Eastern Washington,Northern Colorado,Northern Colorado,41.0,0.76,0.24,-8.0,160,76,84,KXNCAAMBGAME-26JAN31EWUUNCO,0.01,0.99,9900,-9900,KXNCAAMBSPREAD-26JAN31EWUUNCO,4.0,-4.0,-4.0,KXNCAAMBTOTAL-26JAN31EWUUNCO,144.0,16.0,70.0,74.0
20260131,01:00 PM,Southern,Alcorn St.,Southern,40.0,0.37,0.63,3.5,152,78,74,KXNCAAMBGAME-26JAN31SOUALCN,0.01,0.99,9900,-9900,KXNCAAMBSPREAD-26JAN31SOUALCN,4.0,-4.0,7.5,KXNCAAMBTOTAL-26JAN31SOUALCN,151.0,1.0,73.5,77.5
20260131,04:00 PM,Harvard,Yale,Yale,40.0,0.88,0.12,-13.8,143,65,78,KXNCAAMBGAME-26JAN31HARVYALE,0.99,0.01,-9900,9900,KXNCAAMBSPREAD-26JAN31HARVYALE,-4.440892098500626e-16,4.440892098500626e-16,-13.8,KXNCAAMBTOTAL-26JAN31HARVYALE,133.0,10.0,66.5,66.5
20260131,11:00 AM,Queens,Bellarmine,Queens,40.0,0.37,0.63,3.8,167,85,82,KXNCAAMBGAME-26JAN31QUCBELL,0.01,0.99,9900,-9900,KXNCAAMBSPREAD-26JAN31QUCBELL,3.0,-3.0,6.8,KXNCAAMBTOTAL-26JAN31QUCBELL,154.0,13.0,75.5,78.5
20260131,03:00 PM,Princeton,Columbia,Columbia,39.0,0.78,0.21999999999999997,-7.5,137,65,72,KXNCAAMBGAME-26JAN31PRINCLMB,0.99,0.01,-9900,9900,KXNCAAMBSPREAD-26JAN31PRINCLMB,-7.5,7.5,-15.0,KXNCAAMBTOTAL-26JAN31PRINCLMB,148.0,-11.0,77.75,70.25
20260131,11:00 AM,Lipscomb,North Florida,Lipscomb,39.0,0.28,0.72,6.9,171,89,82,KXNCAAMBGAME-26JAN31LIPUNF,0.99,0.01,-9900,9900,KXNCAAMBSPREAD-26JAN31LIPUNF,-7.0,7.0,-0.09999999999999964,KXNCAAMBTOTAL-26JAN31LIPUNF,181.5,-10.5,94.25,87.25
20260131,01:00 PM,Grambling St.,Jackson St.,Grambling St.,38.0,0.41000000000000003,0.59,2.3,148,75,73,KXNCAAMBGAME-26JAN31GRAMJKST,0.99,0.01,-9900,9900,KXNCAAMBSPREAD-26JAN31GRAMJKST,-4.0,4.0,-1.7000000000000002,KXNCAAMBTOTAL-26JAN31GRAMJKST,156.5,-8.5,80.25,76.25
20260131,02:30 PM,Texas Southern,Prairie View A&M,Prairie View A&M,38.0,0.59,0.41000000000000003,-2.5,161,79,82,KXNCAAMBGAME-26JAN31TXSOPV,0.01,0.99,9900,-9900,KXNCAAMBSPREAD-26JAN31TXSOPV,7.0,-7.0,4.5,KXNCAAMBTOTAL-26JAN31TXSOPV,162.0,-1.0,77.5,84.5
20260131,01:00 PM,Southern Utah,Abilene Christian,Abilene Christian,37.0,0.7,0.30000000000000004,-5.2,144,69,75,KXNCAAMBGAME-26JAN31SUUAC,0.99,0.01,-9900,9900,KXNCAAMBSPREAD-26JAN31SUUAC,-4.440892098500626e-16,4.440892098500626e-16,-5.200000000000001,KXNCAAMBTOTAL-26JAN31SUUAC,156.0,-12.0,78.0,78.0
20260131,05:00 PM,Idaho,Northern Arizona,Idaho,37.0,0.37,0.63,3.2,143,73,70,KXNCAAMBGAME-26JAN31IDHONAU,0.99,0.01,-9900,9900,KXNCAAMBSPREAD-26JAN31IDHONAU,-16.0,16.0,-12.8,KXNCAAMBTOTAL-26JAN31IDHONAU,140.8846153846154,2.115384615384613,78.4423076923077,62.44230769230769
20260131,09:00 AM,UNC Asheville,Winthrop,Winthrop,37.0,0.78,0.21999999999999997,-8.1,144,68,76,KXNCAAMBGAME-26JAN31UNCAWIN,0.01,0.99,9900,-9900,KXNCAAMBSPREAD-26JAN31UNCAWIN,13.0,-13.0,4.9,KXNCAAMBTOTAL-26JAN31UNCAWIN,154.0,-10.0,70.5,83.5
20260131,01:30 PM,Austin Peay,West Georgia,Austin Peay,37.0,0.24,0.76,7.3,147,77,70,KXNCAAMBGAME-26JAN31PEAYUWGA,0.99,0.01,-9900,9900,KXNCAAMBSPREAD-26JAN31PEAYUWGA,-3.0,3.0,4.3,KXNCAAMBTOTAL-26JAN31PEAYUWGA,160.0,-13.0,81.5,78.5
20260131,05:30 PM,SIU Edwardsville,Southern Indiana,SIU Edwardsville,37.0,0.43000000000000005,0.57,1.5,125,63,62,KXNCAAMBGAME-26JAN31SIUEUSI,0.99,0.01,-9900,9900,KXNCAAMBSPREAD-26JAN31SIUEUSI,-12.0,12.0,-10.5,KXNCAAMBTOTAL-26JAN31SIUEUSI,123.5,1.5,67.75,55.75
20260131,11:00 AM,Boston University,Bucknell,Bucknell,35.0,0.54,0.45999999999999996,-1.0,139,69,70,KXNCAAMBGAME-26JAN31BUBUCK,0.01,0.99,9900,-9900,KXNCAAMBSPREAD-26JAN31BUBUCK,7.0,-7.0,6.0,KXNCAAMBTOTAL-26JAN31BUBUCK,155.5,-16.5,74.25,81.25
20260131,09:00 AM,UNC Greensboro,The Citadel,UNC Greensboro,35.0,0.48,0.52,0.6,145,73,72,KXNCAAMBGAME-26JAN31UNCGCIT,0.01,0.99,9900,-9900,,,,,,,,,
20260131,02:00 PM,Florida A&M,Alabama A&M,Alabama A&M,32.0,0.62,0.38,-2.8,135,66,69,KXNCAAMBGAME-26JAN31FAMUAAMU,0.01,0.99,9900,-9900,KXNCAAMBSPREAD-26JAN31FAMUAAMU,6.0,-6.0,3.2,KXNCAAMBTOTAL-26JAN31FAMUAAMU,138.0,-3.0,66.0,72.0
20260131,05:00 PM,Georgia St.,South Alabama,South Alabama,32.0,0.76,0.24,-6.6,133,63,70,KXNCAAMBGAME-26JAN31GASTUSA,0.01,0.99,9900,-9900,KXNCAAMBSPREAD-26JAN31GASTUSA,0.5,-0.5,-6.1,KXNCAAMBTOTAL-26JAN31GASTUSA,136.0,-3.0,67.75,68.25
20260131,01:30 PM,Eastern Kentucky,Central Arkansas,Central Arkansas,32.0,0.83,0.17000000000000004,-11.0,153,71,82,KXNCAAMBGAME-26JAN31EKYCARK,0.01,0.99,9900,-9900,KXNCAAMBSPREAD-26JAN31EKYCARK,8.0,-8.0,-3.0,KXNCAAMBTOTAL-26JAN31EKYCARK,166.5,-13.5,79.25,87.25
20260131,07:00 PM,Louisiana Tech,Sam Houston St.,Sam Houston St.,32.0,0.9,0.09999999999999998,-15.1,137,61,76,KXNCAAMBGAME-26JAN31LTSHSU,0.01,0.99,9900,-9900,KXNCAAMBSPREAD-26JAN31LTSHSU,17.0,-17.0,1.9000000000000004,KXNCAAMBTOTAL-26JAN31LTSHSU,150.0,-13.0,66.5,83.5
20260131,12:30 PM,Northern Illinois,Miami OH,Miami OH,31.0,0.95,0.050000000000000044,-23.3,155,66,89,KXNCAAMBGAME-26JAN31NIUMOH,0.01,,9900,,KXNCAAMBSPREAD-26JAN31NIUMOH,,,,KXNCAAMBTOTAL-26JAN31NIUMOH,147.0,8.0,,
20260131,01:00 PM,Little Rock,Tennessee Tech,Tennessee Tech,31.0,0.51,0.49,-0.3,143,71,72,KXNCAAMBGAME-26JAN31UALRTNTC,0.01,0.99,9900,-9900,KXNCAAMBSPREAD-26JAN31UALRTNTC,10.0,-10.0,9.7,KXNCAAMBTOTAL-26JAN31UALRTNTC,140.5,2.5,65.25,75.25
20260131,06:00 PM,Delaware,UTEP,UTEP,31.0,0.64,0.36,-3.2,127,62,65,KXNCAAMBGAME-26JAN31DELUTEP,0.01,0.99,9900,-9900,KXNCAAMBSPREAD-26JAN31DELUTEP,14.0,-14.0,10.8,KXNCAAMBTOTAL-26JAN31DELUTEP,125.0,2.0,55.5,69.5
20260131,04:00 PM,New Haven,Saint Francis,Saint Francis,30.0,0.6,0.4,-2.5,134,66,68,KXNCAAMBGAME-26JAN31NHCSFPA,0.99,0.01,-9900,9900,,,,,,,,,
20260131,03:00 PM,Northwestern St.,New Orleans,New Orleans,30.0,0.81,0.18999999999999995,-10.1,156,73,83,KXNCAAMBGAME-26JAN31NWSTUNO,0.02,0.99,4900,-9900,KXNCAAMBSPREAD-26JAN31NWSTUNO,11.0,-11.0,0.9000000000000004,KXNCAAMBTOTAL-26JAN31NWSTUNO,140.0,16.0,64.5,75.5
20260131,01:30 PM,Maryland Eastern Shore,Delaware St.,Maryland Eastern Shore,30.0,0.42000000000000004,0.58,1.6,119,60,59,KXNCAAMBGAME-26JAN31UMESDSU,0.01,0.99,9900,-9900,KXNCAAMBSPREAD-26JAN31UMESDSU,7.0,-7.0,8.6,KXNCAAMBTOTAL-26JAN31UMESDSU,121.0,-2.0,57.0,64.0
20260131,03:00 PM,Southeastern Louisiana,Stephen F. Austin,Stephen F. Austin,29.0,0.93,0.06999999999999995,-17.0,129,56,73,KXNCAAMBGAME-26JAN31SELASFA,0.01,0.99,9900,-9900,KXNCAAMBSPREAD-26JAN31SELASFA,26.0,-26.0,9.0,KXNCAAMBTOTAL-26JAN31SELASFA,142.06382978723406,-13.063829787234056,58.03191489361703,84.03191489361703
20260131,11:00 AM,North Carolina A&T,Drexel,Drexel,29.0,0.82,0.18000000000000005,-9.1,138,64,74,KXNCAAMBGAME-26JAN31NCATDREX,0.01,0.99,9900,-9900,KXNCAAMBSPREAD-26JAN31NCATDREX,-0.5,0.5,-9.6,KXNCAAMBTOTAL-26JAN31NCATDREX,154.5,-16.5,77.5,77.0
20260131,01:00 PM,New Hampshire,Bryant,New Hampshire,28.0,0.31999999999999995,0.68,4.2,126,65,61,KXNCAAMBGAME-26JAN31UNHBRY,0.01,0.99,9900,-9900,KXNCAAMBSPREAD-26JAN31UNHBRY,7.0,-7.0,11.2,KXNCAAMBTOTAL-26JAN31UNHBRY,146.5,-20.5,69.75,76.75
20260131,12:00 PM,Fresno St.,Air Force,Fresno St.,28.0,0.18000000000000005,0.82,8.2,126,67,59,KXNCAAMBGAME-26JAN31FRESAFA,0.99,0.01,-9900,9900,KXNCAAMBSPREAD-26JAN31FRESAFA,-17.0,17.0,-8.8,KXNCAAMBTOTAL-26JAN31FRESAFA,140.0,-14.0,78.5,61.5
20260131,10:00 AM,Holy Cross,Army,Army,28.0,0.63,0.37,-3.3,142,69,73,KXNCAAMBGAME-26JAN31HCARMY,0.01,0.99,9900,-9900,KXNCAAMBSPREAD-26JAN31HCARMY,0.5,-0.5,-2.8,KXNCAAMBTOTAL-26JAN31HCARMY,137.0,5.0,68.25,68.75
20260131,09:00 AM,Ball St.,Toledo,Toledo,27.0,0.85,0.15000000000000002,-11.8,144,66,78,KXNCAAMBGAME-26JAN31BALLTOL,0.01,0.99,9900,-9900,KXNCAAMBSPREAD-26JAN31BALLTOL,17.0,-17.0,5.199999999999999,KXNCAAMBTOTAL-26JAN31BALLTOL,152.5,-8.5,67.75,84.75
20260131,11:00 AM,Lafayette,American,American,26.0,0.84,0.16000000000000003,-10.9,145,67,78,KXNCAAMBGAME-26JAN31LAFAMER,0.99,0.01,-9900,9900,KXNCAAMBSPREAD-26JAN31LAFAMER,-0.5,0.5,-11.4,KXNCAAMBTOTAL-26JAN31LAFAMER,131.0,14.0,65.75,65.25
20260131,11:00 AM,Hampton,Towson,Towson,26.0,0.76,0.24,-6.1,122,58,64,KXNCAAMBGAME-26JAN31HAMPTOWS,0.01,0.99,9900,-9900,KXNCAAMBSPREAD-26JAN31HAMPTOWS,8.5,-8.5,2.4000000000000004,KXNCAAMBTOTAL-26JAN31HAMPTOWS,133.0,-11.0,62.25,70.75
20260131,01:00 PM,Evansville,Northern Iowa,Northern Iowa,26.0,0.91,0.08999999999999997,-14.1,118,52,66,KXNCAAMBGAME-26JAN31EVANUNI,0.01,0.99,9900,-9900,KXNCAAMBSPREAD-26JAN31EVANUNI,16.0,-16.0,1.9000000000000004,KXNCAAMBTOTAL-26JAN31EVANUNI,125.0,-7.0,54.5,70.5
20260131,11:00 AM,Mercyhurst,Chicago St.,Mercyhurst,26.0,0.31000000000000005,0.69,4.5,128,66,62,KXNCAAMBGAME-26JAN31MHUCHS,0.01,0.99,9900,-9900,KXNCAAMBSPREAD-26JAN31MHUCHS,3.0,-3.0,7.5,KXNCAAMBTOTAL-26JAN31MHUCHS,143.5,-15.5,70.25,73.25
20260131,01:30 PM,NJIT,Vermont,Vermont,25.0,0.86,0.14,-11.2,139,64,75,KXNCAAMBGAME-26JAN31NJITUVM,0.99,0.01,-9900,9900,KXNCAAMBSPREAD-26JAN31NJITUVM,-0.5,0.5,-11.7,KXNCAAMBTOTAL-26JAN31NJITUVM,153.5,-14.5,77.0,76.5
20260131,10:00 AM,Stonehill,Le Moyne,Le Moyne,24.0,0.84,0.16000000000000003,-9.6,134,62,72,KXNCAAMBGAME-26JAN31STNHLMC,0.99,0.01,-9900,9900,KXNCAAMBSPREAD-26JAN31STNHLMC,-10.0,10.0,-19.6,KXNCAAMBTOTAL-26JAN31STNHLMC,149.5,-15.5,79.75,69.75
20260131,10:00 AM,Fairleigh Dickinson,Wagner,Wagner,24.0,0.69,0.31000000000000005,-4.9,143,69,74,,,,,,,,,,,,,,
20260131,01:30 PM,Houston Christian,Texas A&M Corpus Chris,Texas A&M Corpus Chris,23.0,0.88,0.12,-12.4,130,59,71,KXNCAAMBGAME-26JAN31HCUAMCC,0.01,,9900,,KXNCAAMBSPREAD-26JAN31HCUAMCC,-7.5,7.5,-19.9,KXNCAAMBTOTAL-26JAN31HCUAMCC,143.0,-13.0,75.25,67.75
20260131,01:00 PM,Norfolk St.,Howard,Howard,23.0,0.78,0.21999999999999997,-7.8,138,65,73,KXNCAAMBGAME-26JAN31NORFHOW,0.01,0.99,9900,-9900,KXNCAAMBSPREAD-26JAN31NORFHOW,-7.5,7.5,-15.3,KXNCAAMBTOTAL-26JAN31NORFHOW,148.98453608247422,-10.984536082474222,78.24226804123711,70.74226804123711
20260131,12:00 PM,Oral Roberts,South Dakota St.,South Dakota St.,23.0,0.88,0.12,-13.1,145,66,79,KXNCAAMBGAME-26JAN31ORUSDST,0.01,0.99,9900,-9900,KXNCAAMBSPREAD-26JAN31ORUSDST,23.98453608247423,-23.98453608247423,10.884536082474229,KXNCAAMBTOTAL-26JAN31ORUSDST,162.5,-17.5,69.25773195876289,93.24226804123711
20260131,11:00 AM,North Alabama,Stetson,Stetson,21.0,0.77,0.22999999999999998,-7.6,142,67,75,KXNCAAMBGAME-26JAN31UNASTET,0.99,0.01,-9900,9900,KXNCAAMBSPREAD-26JAN31UNASTET,-3.0,3.0,-10.6,KXNCAAMBTOTAL-26JAN31UNASTET,134.0,8.0,68.5,65.5
20260131,01:30 PM,Morgan St.,Coppin St.,Morgan St.,20.0,0.45999999999999996,0.54,1.1,157,79,78,KXNCAAMBGAME-26JAN31MORGCOPP,0.99,0.01,-9900,9900,KXNCAAMBSPREAD-26JAN31MORGCOPP,-10.0,10.0,-8.9,KXNCAAMBTOTAL-26JAN31MORGCOPP,169.01546391752578,-12.015463917525778,89.50773195876289,79.50773195876289
20260131,01:00 PM,Loyola MD,Navy,Navy,20.0,0.89,0.10999999999999999,-13.3,139,63,76,KXNCAAMBGAME-26JAN31LMDNAVY,,0.99,,-9900,KXNCAAMBSPREAD-26JAN31LMDNAVY,17.0,-17.0,3.6999999999999993,KXNCAAMBTOTAL-26JAN31LMDNAVY,155.5,-16.5,69.25,86.25
20260131,11:00 AM,VMI,Mercer,Mercer,17.0,0.97,0.030000000000000027,-25.3,157,66,91,KXNCAAMBGAME-26JAN31VMIMER,0.01,0.99,9900,-9900,KXNCAAMBSPREAD-26JAN31VMIMER,13.0,-13.0,-12.3,KXNCAAMBTOTAL-26JAN31VMIMER,170.5,-13.5,78.75,91.75
20260131,11:00 AM,Maine,UMass Lowell,UMass Lowell,16.0,0.79,0.20999999999999996,-7.5,130,61,69,KXNCAAMBGAME-26JAN31MEMASSL,0.01,0.99,9900,-9900,KXNCAAMBSPREAD-26JAN31MEMASSL,13.0,-13.0,5.5,KXNCAAMBTOTAL-26JAN31MEMASSL,151.5,-21.5,69.25,82.25
20260131,01:30 PM,Tennessee Martin,Western Illinois,Tennessee Martin,14.0,0.22999999999999998,0.77,6.8,129,68,61,KXNCAAMBGAME-26JAN31UTMWIU,0.99,0.01,-9900,9900,KXNCAAMBSPREAD-26JAN31UTMWIU,-20.5,20.5,-13.7,KXNCAAMBTOTAL-26JAN31UTMWIU,127.0,2.0,73.75,53.25
20260131,01:00 PM,Arkansas Pine Bluff,Mississippi Valley St.,Arkansas Pine Bluff,10.0,0.12,0.88,12.4,145,79,66,KXNCAAMBGAME-26JAN31ARPBMVSU,0.99,0.01,-9900,9900,KXNCAAMBSPREAD-26JAN31ARPBMVSU,-7.0,7.0,5.4,KXNCAAMBTOTAL-26JAN31ARPBMVSU,148.0,-3.0,77.5,70.5
